{
  "greedy": {
    "mean": {
      "CR": 0.608930431751393,
      "cancel_rate": 0.26776165924423073,
      "no_driver_rate": 0.11983594107130002,
      "mean_WT_min": 3.63495564396692,
      "mean_DU": 0.43842902098339165,
      "acceptance_rate": 0.2553446787436196,
      "total_requests": 3638.5,
      "total_completed": 2215.3,
      "total_cancelled": 974.5,
      "n_no_driver": 436.1,
      "total_assignments": 2227.9,
      "total_rejections": 6499.9
    },
    "std": {
      "CR": 0.015333983432233413,
      "cancel_rate": 0.013330242243716239,
      "no_driver_rate": 0.005568490452574923,
      "mean_WT_min": 0.1499026379364001,
      "mean_DU": 0.012148929405401458,
      "acceptance_rate": 0.00796697588841375,
      "total_requests": 58.60839909470693,
      "total_completed": 54.18907228912076,
      "total_cancelled": 55.871380071653064,
      "n_no_driver": 23.259167846010506,
      "total_assignments": 56.21871969766338,
      "total_rejections": 173.09435448782133
    },
    "n_seeds": 10,
    "seeds": [
      42,
      123,
      456,
      789,
      1010,
      1337,
      2024,
      3141,
      5926,
      7777
    ]
  }
}