strategy,CR_mean,CR_std,mean_WT_min_mean,mean_WT_min_std,mean_DU_mean,mean_DU_std,cancel_rate_mean,cancel_rate_std,no_driver_rate_mean,no_driver_rate_std,acceptance_rate_mean,acceptance_rate_std,total_assignments,total_rejections
greedy,0.608930431751393,0.015333983432233413,3.63495564396692,0.1499026379364001,0.43842902098339165,0.012148929405401458,0.26776165924423073,0.013330242243716239,0.11983594107130002,0.005568490452574923,0.2553446787436196,0.00796697588841375,2227.9,6499.9
target,0.6153574496516179,0.0,2.51536132524701,0.0,0.6364356781521427,0.0,0.2599026438866088,0.0,0.12473990646177341,0.0,0.8752600935382266,0.0,,
